<annotation>
    <folder>images</folder>
    <filename>videoplayback2837.jpg</filename>
    <size>
        <width>1000</width>
        <height>563</height>
        <depth>3</depth>
    </size>
    <segmented>0</segmented>
    <object>
        <name>TIE Fighter</name>
        <pose>Unspecified</pose>
        <truncated>0</truncated>
        <occluded>0</occluded>
        <difficult>0</difficult>
        <bndbox>
            <xmin>661</xmin>
            <ymin>210</ymin>
            <xmax>841</xmax>
            <ymax>375</ymax>
        </bndbox>
    </object>
    <object>
        <name>TIE Fighter</name>
        <pose>Unspecified</pose>
        <truncated>0</truncated>
        <occluded>0</occluded>
        <difficult>0</difficult>
        <bndbox>
            <xmin>343</xmin>
            <ymin>146</ymin>
            <xmax>530</xmax>
            <ymax>322</ymax>
        </bndbox>
    </object>
</annotation>