<annotation>
    <folder>images</folder>
    <filename>videoplayback5642.jpg</filename>
    <size>
        <width>1000</width>
        <height>563</height>
        <depth>3</depth>
    </size>
    <segmented>0</segmented>
    <object>
        <name>Millennium Falcon</name>
        <pose>Unspecified</pose>
        <truncated>0</truncated>
        <occluded>0</occluded>
        <difficult>0</difficult>
        <bndbox>
            <xmin>220</xmin>
            <ymin>90</ymin>
            <xmax>362</xmax>
            <ymax>315</ymax>
        </bndbox>
    </object>
</annotation>