<annotation>
    <folder>images</folder>
    <filename>videoplayback5717.jpg</filename>
    <size>
        <width>1000</width>
        <height>563</height>
        <depth>3</depth>
    </size>
    <segmented>0</segmented>
    <object>
        <name>Millennium Falcon</name>
        <pose>Unspecified</pose>
        <truncated>0</truncated>
        <occluded>0</occluded>
        <difficult>0</difficult>
        <bndbox>
            <xmin>234</xmin>
            <ymin>292</ymin>
            <xmax>388</xmax>
            <ymax>458</ymax>
        </bndbox>
    </object>
    <object>
        <name>TIE Fighter</name>
        <pose>Unspecified</pose>
        <truncated>0</truncated>
        <occluded>0</occluded>
        <difficult>0</difficult>
        <bndbox>
            <xmin>455</xmin>
            <ymin>74</ymin>
            <xmax>851</xmax>
            <ymax>496</ymax>
        </bndbox>
    </object>
</annotation>