<annotation>
    <folder>images</folder>
    <filename>videoplayback4190.jpg</filename>
    <size>
        <width>1000</width>
        <height>563</height>
        <depth>3</depth>
    </size>
    <segmented>0</segmented>
    <object>
        <name>TIE Fighter</name>
        <pose>Unspecified</pose>
        <truncated>0</truncated>
        <occluded>0</occluded>
        <difficult>0</difficult>
        <bndbox>
            <xmin>526</xmin>
            <ymin>253</ymin>
            <xmax>777</xmax>
            <ymax>485</ymax>
        </bndbox>
    </object>
    <object>
        <name>TIE Fighter</name>
        <pose>Unspecified</pose>
        <truncated>0</truncated>
        <occluded>0</occluded>
        <difficult>0</difficult>
        <bndbox>
            <xmin>541</xmin>
            <ymin>147</ymin>
            <xmax>612</xmax>
            <ymax>226</ymax>
        </bndbox>
    </object>
    <object>
        <name>Millennium Falcon</name>
        <pose>Unspecified</pose>
        <truncated>0</truncated>
        <occluded>0</occluded>
        <difficult>0</difficult>
        <bndbox>
            <xmin>412</xmin>
            <ymin>138</ymin>
            <xmax>505</xmax>
            <ymax>242</ymax>
        </bndbox>
    </object>
</annotation>