<annotation>
    <folder>images</folder>
    <filename>videoplayback6662.jpg</filename>
    <size>
        <width>1000</width>
        <height>563</height>
        <depth>3</depth>
    </size>
    <segmented>0</segmented>
    <object>
        <name>Millennium Falcon</name>
        <pose>Unspecified</pose>
        <truncated>0</truncated>
        <occluded>0</occluded>
        <difficult>0</difficult>
        <bndbox>
            <xmin>388</xmin>
            <ymin>250</ymin>
            <xmax>476</xmax>
            <ymax>292</ymax>
        </bndbox>
    </object>
</annotation>