<annotation>
    <folder>images</folder>
    <filename>videoplayback4118.jpg</filename>
    <size>
        <width>1000</width>
        <height>563</height>
        <depth>3</depth>
    </size>
    <segmented>0</segmented>
    <object>
        <name>TIE Fighter</name>
        <pose>Unspecified</pose>
        <truncated>0</truncated>
        <occluded>0</occluded>
        <difficult>0</difficult>
        <bndbox>
            <xmin>749</xmin>
            <ymin>82</ymin>
            <xmax>1000</xmax>
            <ymax>451</ymax>
        </bndbox>
    </object>
    <object>
        <name>Millennium Falcon</name>
        <pose>Unspecified</pose>
        <truncated>0</truncated>
        <occluded>0</occluded>
        <difficult>0</difficult>
        <bndbox>
            <xmin>449</xmin>
            <ymin>85</ymin>
            <xmax>604</xmax>
            <ymax>261</ymax>
        </bndbox>
    </object>
</annotation>