<annotation>
    <folder>images</folder>
    <filename>videoplayback5532.jpg</filename>
    <size>
        <width>1000</width>
        <height>563</height>
        <depth>3</depth>
    </size>
    <segmented>0</segmented>
    <object>
        <name>TIE Fighter</name>
        <pose>Unspecified</pose>
        <truncated>0</truncated>
        <occluded>0</occluded>
        <difficult>0</difficult>
        <bndbox>
            <xmin>287</xmin>
            <ymin>257</ymin>
            <xmax>369</xmax>
            <ymax>337</ymax>
        </bndbox>
    </object>
    <object>
        <name>Millennium Falcon</name>
        <pose>Unspecified</pose>
        <truncated>0</truncated>
        <occluded>0</occluded>
        <difficult>0</difficult>
        <bndbox>
            <xmin>807</xmin>
            <ymin>124</ymin>
            <xmax>934</xmax>
            <ymax>235</ymax>
        </bndbox>
    </object>
</annotation>