<annotation>
    <folder>images</folder>
    <filename>videoplayback4449.jpg</filename>
    <size>
        <width>1000</width>
        <height>563</height>
        <depth>3</depth>
    </size>
    <segmented>0</segmented>
    <object>
        <name>Millennium Falcon</name>
        <pose>Unspecified</pose>
        <truncated>0</truncated>
        <occluded>0</occluded>
        <difficult>0</difficult>
        <bndbox>
            <xmin>457</xmin>
            <ymin>278</ymin>
            <xmax>556</xmax>
            <ymax>375</ymax>
        </bndbox>
    </object>
    <object>
        <name>TIE Fighter</name>
        <pose>Unspecified</pose>
        <truncated>0</truncated>
        <occluded>0</occluded>
        <difficult>0</difficult>
        <bndbox>
            <xmin>897</xmin>
            <ymin>271</ymin>
            <xmax>936</xmax>
            <ymax>311</ymax>
        </bndbox>
    </object>
</annotation>