<annotation>
    <folder>images</folder>
    <filename>videoplayback4049.jpg</filename>
    <size>
        <width>1000</width>
        <height>563</height>
        <depth>3</depth>
    </size>
    <segmented>0</segmented>
    <object>
        <name>TIE Fighter</name>
        <pose>Unspecified</pose>
        <truncated>0</truncated>
        <occluded>0</occluded>
        <difficult>0</difficult>
        <bndbox>
            <xmin>866</xmin>
            <ymin>116</ymin>
            <xmax>1000</xmax>
            <ymax>373</ymax>
        </bndbox>
    </object>
    <object>
        <name>TIE Fighter</name>
        <pose>Unspecified</pose>
        <truncated>0</truncated>
        <occluded>0</occluded>
        <difficult>0</difficult>
        <bndbox>
            <xmin>524</xmin>
            <ymin>133</ymin>
            <xmax>854</xmax>
            <ymax>492</ymax>
        </bndbox>
    </object>
</annotation>