<annotation>
    <folder>images</folder>
    <filename>videoplayback4031.jpg</filename>
    <size>
        <width>1000</width>
        <height>563</height>
        <depth>3</depth>
    </size>
    <segmented>0</segmented>
    <object>
        <name>TIE Fighter</name>
        <pose>Unspecified</pose>
        <truncated>0</truncated>
        <occluded>0</occluded>
        <difficult>0</difficult>
        <bndbox>
            <xmin>693</xmin>
            <ymin>229</ymin>
            <xmax>822</xmax>
            <ymax>354</ymax>
        </bndbox>
    </object>
    <object>
        <name>Millennium Falcon</name>
        <pose>Unspecified</pose>
        <truncated>0</truncated>
        <occluded>0</occluded>
        <difficult>0</difficult>
        <bndbox>
            <xmin>204</xmin>
            <ymin>71</ymin>
            <xmax>464</xmax>
            <ymax>483</ymax>
        </bndbox>
    </object>
</annotation>