<annotation>
    <folder>images</folder>
    <filename>videoplayback3684.jpg</filename>
    <size>
        <width>1000</width>
        <height>563</height>
        <depth>3</depth>
    </size>
    <segmented>0</segmented>
    <object>
        <name>TIE Fighter</name>
        <pose>Unspecified</pose>
        <truncated>0</truncated>
        <occluded>0</occluded>
        <difficult>0</difficult>
        <bndbox>
            <xmin>962</xmin>
            <ymin>301</ymin>
            <xmax>1000</xmax>
            <ymax>344</ymax>
        </bndbox>
    </object>
    <object>
        <name>Millennium Falcon</name>
        <pose>Unspecified</pose>
        <truncated>0</truncated>
        <occluded>0</occluded>
        <difficult>0</difficult>
        <bndbox>
            <xmin>247</xmin>
            <ymin>74</ymin>
            <xmax>743</xmax>
            <ymax>411</ymax>
        </bndbox>
    </object>
</annotation>