<annotation>
    <folder>images</folder>
    <filename>videoplayback4043.jpg</filename>
    <size>
        <width>1000</width>
        <height>563</height>
        <depth>3</depth>
    </size>
    <segmented>0</segmented>
    <object>
        <name>TIE Fighter</name>
        <pose>Unspecified</pose>
        <truncated>0</truncated>
        <occluded>0</occluded>
        <difficult>0</difficult>
        <bndbox>
            <xmin>791</xmin>
            <ymin>155</ymin>
            <xmax>1000</xmax>
            <ymax>352</ymax>
        </bndbox>
    </object>
    <object>
        <name>TIE Fighter</name>
        <pose>Unspecified</pose>
        <truncated>0</truncated>
        <occluded>0</occluded>
        <difficult>0</difficult>
        <bndbox>
            <xmin>691</xmin>
            <ymin>189</ymin>
            <xmax>896</xmax>
            <ymax>431</ymax>
        </bndbox>
    </object>
</annotation>