<annotation>
    <folder>images</folder>
    <filename>videoplayback2825.jpg</filename>
    <size>
        <width>1000</width>
        <height>563</height>
        <depth>3</depth>
    </size>
    <segmented>0</segmented>
    <object>
        <name>TIE Fighter</name>
        <pose>Unspecified</pose>
        <truncated>0</truncated>
        <occluded>0</occluded>
        <difficult>0</difficult>
        <bndbox>
            <xmin>699</xmin>
            <ymin>222</ymin>
            <xmax>804</xmax>
            <ymax>326</ymax>
        </bndbox>
    </object>
    <object>
        <name>TIE Fighter</name>
        <pose>Unspecified</pose>
        <truncated>0</truncated>
        <occluded>0</occluded>
        <difficult>0</difficult>
        <bndbox>
            <xmin>475</xmin>
            <ymin>158</ymin>
            <xmax>577</xmax>
            <ymax>267</ymax>
        </bndbox>
    </object>
</annotation>