<annotation>
    <folder>images</folder>
    <filename>videoplayback0898.jpg</filename>
    <size>
        <width>1000</width>
        <height>563</height>
        <depth>3</depth>
    </size>
    <segmented>0</segmented>
    <object>
        <name>Millennium Falcon</name>
        <pose>Unspecified</pose>
        <truncated>0</truncated>
        <occluded>0</occluded>
        <difficult>0</difficult>
        <bndbox>
            <xmin>258</xmin>
            <ymin>207</ymin>
            <xmax>706</xmax>
            <ymax>316</ymax>
        </bndbox>
    </object>
</annotation>