<annotation>
    <folder>images</folder>
    <filename>videoplayback1655.jpg</filename>
    <size>
        <width>1000</width>
        <height>563</height>
        <depth>3</depth>
    </size>
    <segmented>0</segmented>
    <object>
        <name>Millennium Falcon</name>
        <pose>Unspecified</pose>
        <truncated>0</truncated>
        <occluded>0</occluded>
        <difficult>0</difficult>
        <bndbox>
            <xmin>296</xmin>
            <ymin>260</ymin>
            <xmax>894</xmax>
            <ymax>426</ymax>
        </bndbox>
    </object>
</annotation>