<annotation>
    <folder>images</folder>
    <filename>videoplayback3403.jpg</filename>
    <size>
        <width>1000</width>
        <height>563</height>
        <depth>3</depth>
    </size>
    <segmented>0</segmented>
    <object>
        <name>TIE Fighter</name>
        <pose>Unspecified</pose>
        <truncated>0</truncated>
        <occluded>0</occluded>
        <difficult>0</difficult>
        <bndbox>
            <xmin>579</xmin>
            <ymin>73</ymin>
            <xmax>936</xmax>
            <ymax>390</ymax>
        </bndbox>
    </object>
</annotation>