<annotation>
    <folder>images</folder>
    <filename>videoplayback1790.jpg</filename>
    <size>
        <width>1000</width>
        <height>563</height>
        <depth>3</depth>
    </size>
    <segmented>0</segmented>
    <object>
        <name>Millennium Falcon</name>
        <pose>Unspecified</pose>
        <truncated>0</truncated>
        <occluded>0</occluded>
        <difficult>0</difficult>
        <bndbox>
            <xmin>63</xmin>
            <ymin>144</ymin>
            <xmax>930</xmax>
            <ymax>433</ymax>
        </bndbox>
    </object>
</annotation>