<annotation>
    <folder>images</folder>
    <filename>videoplayback3762.jpg</filename>
    <size>
        <width>1000</width>
        <height>563</height>
        <depth>3</depth>
    </size>
    <segmented>0</segmented>
    <object>
        <name>Millennium Falcon</name>
        <pose>Unspecified</pose>
        <truncated>0</truncated>
        <occluded>0</occluded>
        <difficult>0</difficult>
        <bndbox>
            <xmin>556</xmin>
            <ymin>280</ymin>
            <xmax>645</xmax>
            <ymax>362</ymax>
        </bndbox>
    </object>
</annotation>