<annotation>
    <folder>images</folder>
    <filename>videoplayback1940.jpg</filename>
    <size>
        <width>1000</width>
        <height>563</height>
        <depth>3</depth>
    </size>
    <segmented>0</segmented>
    <object>
        <name>Millennium Falcon</name>
        <pose>Unspecified</pose>
        <truncated>0</truncated>
        <occluded>0</occluded>
        <difficult>0</difficult>
        <bndbox>
            <xmin>120</xmin>
            <ymin>171</ymin>
            <xmax>694</xmax>
            <ymax>463</ymax>
        </bndbox>
    </object>
</annotation>