<annotation>
    <folder>images</folder>
    <filename>videoplayback5538.jpg</filename>
    <size>
        <width>1000</width>
        <height>563</height>
        <depth>3</depth>
    </size>
    <segmented>0</segmented>
    <object>
        <name>Millennium Falcon</name>
        <pose>Unspecified</pose>
        <truncated>0</truncated>
        <occluded>0</occluded>
        <difficult>0</difficult>
        <bndbox>
            <xmin>803</xmin>
            <ymin>115</ymin>
            <xmax>905</xmax>
            <ymax>215</ymax>
        </bndbox>
    </object>
    <object>
        <name>TIE Fighter</name>
        <pose>Unspecified</pose>
        <truncated>0</truncated>
        <occluded>0</occluded>
        <difficult>0</difficult>
        <bndbox>
            <xmin>292</xmin>
            <ymin>267</ymin>
            <xmax>359</xmax>
            <ymax>338</ymax>
        </bndbox>
    </object>
</annotation>