<annotation>
    <folder>images</folder>
    <filename>videoplayback5340.jpg</filename>
    <size>
        <width>1000</width>
        <height>563</height>
        <depth>3</depth>
    </size>
    <segmented>0</segmented>
    <object>
        <name>TIE Fighter</name>
        <pose>Unspecified</pose>
        <truncated>0</truncated>
        <occluded>0</occluded>
        <difficult>0</difficult>
        <bndbox>
            <xmin>54</xmin>
            <ymin>89</ymin>
            <xmax>440</xmax>
            <ymax>313</ymax>
        </bndbox>
    </object>
    <object>
        <name>Millennium Falcon</name>
        <pose>Unspecified</pose>
        <truncated>0</truncated>
        <occluded>0</occluded>
        <difficult>0</difficult>
        <bndbox>
            <xmin>823</xmin>
            <ymin>72</ymin>
            <xmax>999</xmax>
            <ymax>267</ymax>
        </bndbox>
    </object>
</annotation>