<annotation>
    <folder>images</folder>
    <filename>videoplayback6271.jpg</filename>
    <size>
        <width>1000</width>
        <height>563</height>
        <depth>3</depth>
    </size>
    <segmented>0</segmented>
    <object>
        <name>TIE Fighter</name>
        <pose>Unspecified</pose>
        <truncated>0</truncated>
        <occluded>0</occluded>
        <difficult>0</difficult>
        <bndbox>
            <xmin>231</xmin>
            <ymin>74</ymin>
            <xmax>547</xmax>
            <ymax>374</ymax>
        </bndbox>
    </object>
    <object>
        <name>Millennium Falcon</name>
        <pose>Unspecified</pose>
        <truncated>0</truncated>
        <occluded>0</occluded>
        <difficult>0</difficult>
        <bndbox>
            <xmin>597</xmin>
            <ymin>133</ymin>
            <xmax>838</xmax>
            <ymax>488</ymax>
        </bndbox>
    </object>
</annotation>