<annotation>
    <folder>images</folder>
    <filename>videoplayback1667.jpg</filename>
    <size>
        <width>1000</width>
        <height>563</height>
        <depth>3</depth>
    </size>
    <segmented>0</segmented>
    <object>
        <name>TIE Fighter</name>
        <pose>Unspecified</pose>
        <truncated>0</truncated>
        <occluded>0</occluded>
        <difficult>0</difficult>
        <bndbox>
            <xmin>566</xmin>
            <ymin>225</ymin>
            <xmax>591</xmax>
            <ymax>244</ymax>
        </bndbox>
    </object>
    <object>
        <name>Millennium Falcon</name>
        <pose>Unspecified</pose>
        <truncated>0</truncated>
        <occluded>0</occluded>
        <difficult>0</difficult>
        <bndbox>
            <xmin>278</xmin>
            <ymin>221</ymin>
            <xmax>892</xmax>
            <ymax>430</ymax>
        </bndbox>
    </object>
</annotation>