<annotation>
    <folder>images</folder>
    <filename>videoplayback5678.jpg</filename>
    <size>
        <width>1000</width>
        <height>563</height>
        <depth>3</depth>
    </size>
    <segmented>0</segmented>
    <object>
        <name>TIE Fighter</name>
        <pose>Unspecified</pose>
        <truncated>0</truncated>
        <occluded>0</occluded>
        <difficult>0</difficult>
        <bndbox>
            <xmin>555</xmin>
            <ymin>86</ymin>
            <xmax>912</xmax>
            <ymax>423</ymax>
        </bndbox>
    </object>
    <object>
        <name>Millennium Falcon</name>
        <pose>Unspecified</pose>
        <truncated>0</truncated>
        <occluded>0</occluded>
        <difficult>0</difficult>
        <bndbox>
            <xmin>491</xmin>
            <ymin>206</ymin>
            <xmax>579</xmax>
            <ymax>360</ymax>
        </bndbox>
    </object>
</annotation>