<annotation>
    <folder>images</folder>
    <filename>videoplayback4461.jpg</filename>
    <size>
        <width>1000</width>
        <height>563</height>
        <depth>3</depth>
    </size>
    <segmented>0</segmented>
    <object>
        <name>Millennium Falcon</name>
        <pose>Unspecified</pose>
        <truncated>0</truncated>
        <occluded>0</occluded>
        <difficult>0</difficult>
        <bndbox>
            <xmin>335</xmin>
            <ymin>203</ymin>
            <xmax>481</xmax>
            <ymax>359</ymax>
        </bndbox>
    </object>
    <object>
        <name>TIE Fighter</name>
        <pose>Unspecified</pose>
        <truncated>0</truncated>
        <occluded>0</occluded>
        <difficult>0</difficult>
        <bndbox>
            <xmin>711</xmin>
            <ymin>276</ymin>
            <xmax>775</xmax>
            <ymax>336</ymax>
        </bndbox>
    </object>
</annotation>