<annotation>
    <folder>images</folder>
    <filename>videoplayback4503.jpg</filename>
    <size>
        <width>1000</width>
        <height>563</height>
        <depth>3</depth>
    </size>
    <segmented>0</segmented>
    <object>
        <name>Millennium Falcon</name>
        <pose>Unspecified</pose>
        <truncated>0</truncated>
        <occluded>0</occluded>
        <difficult>0</difficult>
        <bndbox>
            <xmin>574</xmin>
            <ymin>281</ymin>
            <xmax>632</xmax>
            <ymax>312</ymax>
        </bndbox>
    </object>
    <object>
        <name>TIE Fighter</name>
        <pose>Unspecified</pose>
        <truncated>0</truncated>
        <occluded>0</occluded>
        <difficult>0</difficult>
        <bndbox>
            <xmin>742</xmin>
            <ymin>261</ymin>
            <xmax>762</xmax>
            <ymax>277</ymax>
        </bndbox>
    </object>
</annotation>