<annotation>
    <folder>images</folder>
    <filename>videoplayback6464.jpg</filename>
    <size>
        <width>1000</width>
        <height>563</height>
        <depth>3</depth>
    </size>
    <segmented>0</segmented>
    <object>
        <name>Millennium Falcon</name>
        <pose>Unspecified</pose>
        <truncated>0</truncated>
        <occluded>0</occluded>
        <difficult>0</difficult>
        <bndbox>
            <xmin>413</xmin>
            <ymin>238</ymin>
            <xmax>451</xmax>
            <ymax>270</ymax>
        </bndbox>
    </object>
</annotation>