<annotation>
    <folder>images</folder>
    <filename>videoplayback3678.jpg</filename>
    <size>
        <width>1000</width>
        <height>563</height>
        <depth>3</depth>
    </size>
    <segmented>0</segmented>
    <object>
        <name>TIE Fighter</name>
        <pose>Unspecified</pose>
        <truncated>0</truncated>
        <occluded>0</occluded>
        <difficult>0</difficult>
        <bndbox>
            <xmin>918</xmin>
            <ymin>300</ymin>
            <xmax>960</xmax>
            <ymax>347</ymax>
        </bndbox>
    </object>
    <object>
        <name>Millennium Falcon</name>
        <pose>Unspecified</pose>
        <truncated>0</truncated>
        <occluded>0</occluded>
        <difficult>0</difficult>
        <bndbox>
            <xmin>329</xmin>
            <ymin>93</ymin>
            <xmax>730</xmax>
            <ymax>433</ymax>
        </bndbox>
    </object>
</annotation>