<annotation>
    <folder>images</folder>
    <filename>videoplayback0481.jpg</filename>
    <size>
        <width>1000</width>
        <height>563</height>
        <depth>3</depth>
    </size>
    <segmented>0</segmented>
    <object>
        <name>TIE Fighter</name>
        <pose>Unspecified</pose>
        <truncated>0</truncated>
        <occluded>0</occluded>
        <difficult>0</difficult>
        <bndbox>
            <xmin>82</xmin>
            <ymin>177</ymin>
            <xmax>112</xmax>
            <ymax>210</ymax>
        </bndbox>
    </object>
</annotation>