<annotation>
    <folder>images</folder>
    <filename>videoplayback1649.jpg</filename>
    <size>
        <width>1000</width>
        <height>563</height>
        <depth>3</depth>
    </size>
    <segmented>0</segmented>
    <object>
        <name>Millennium Falcon</name>
        <pose>Unspecified</pose>
        <truncated>0</truncated>
        <occluded>0</occluded>
        <difficult>0</difficult>
        <bndbox>
            <xmin>306</xmin>
            <ymin>263</ymin>
            <xmax>878</xmax>
            <ymax>470</ymax>
        </bndbox>
    </object>
    <object>
        <name>TIE Fighter</name>
        <pose>Unspecified</pose>
        <truncated>0</truncated>
        <occluded>0</occluded>
        <difficult>0</difficult>
        <bndbox>
            <xmin>673</xmin>
            <ymin>250</ymin>
            <xmax>702</xmax>
            <ymax>275</ymax>
        </bndbox>
    </object>
</annotation>