<annotation>
    <folder>images</folder>
    <filename>videoplayback6434.jpg</filename>
    <size>
        <width>1000</width>
        <height>563</height>
        <depth>3</depth>
    </size>
    <segmented>0</segmented>
    <object>
        <name>Millennium Falcon</name>
        <pose>Unspecified</pose>
        <truncated>0</truncated>
        <occluded>0</occluded>
        <difficult>0</difficult>
        <bndbox>
            <xmin>350</xmin>
            <ymin>296</ymin>
            <xmax>430</xmax>
            <ymax>335</ymax>
        </bndbox>
    </object>
</annotation>