<annotation>
    <folder>images</folder>
    <filename>videoplayback2900.jpg</filename>
    <size>
        <width>1000</width>
        <height>563</height>
        <depth>3</depth>
    </size>
    <segmented>0</segmented>
    <object>
        <name>Millennium Falcon</name>
        <pose>Unspecified</pose>
        <truncated>0</truncated>
        <occluded>0</occluded>
        <difficult>0</difficult>
        <bndbox>
            <xmin>1</xmin>
            <ymin>103</ymin>
            <xmax>643</xmax>
            <ymax>418</ymax>
        </bndbox>
    </object>
    <object>
        <name>TIE Fighter</name>
        <pose>Unspecified</pose>
        <truncated>0</truncated>
        <occluded>0</occluded>
        <difficult>0</difficult>
        <bndbox>
            <xmin>584</xmin>
            <ymin>162</ymin>
            <xmax>639</xmax>
            <ymax>216</ymax>
        </bndbox>
    </object>
</annotation>