<annotation>
    <folder>images</folder>
    <filename>videoplayback4431.jpg</filename>
    <size>
        <width>1000</width>
        <height>563</height>
        <depth>3</depth>
    </size>
    <segmented>0</segmented>
    <object>
        <name>Millennium Falcon</name>
        <pose>Unspecified</pose>
        <truncated>0</truncated>
        <occluded>0</occluded>
        <difficult>0</difficult>
        <bndbox>
            <xmin>283</xmin>
            <ymin>254</ymin>
            <xmax>371</xmax>
            <ymax>348</ymax>
        </bndbox>
    </object>
    <object>
        <name>TIE Fighter</name>
        <pose>Unspecified</pose>
        <truncated>0</truncated>
        <occluded>0</occluded>
        <difficult>0</difficult>
        <bndbox>
            <xmin>634</xmin>
            <ymin>337</ymin>
            <xmax>799</xmax>
            <ymax>493</ymax>
        </bndbox>
    </object>
</annotation>