<annotation>
    <folder>images</folder>
    <filename>videoplayback5544.jpg</filename>
    <size>
        <width>1000</width>
        <height>563</height>
        <depth>3</depth>
    </size>
    <segmented>0</segmented>
    <object>
        <name>TIE Fighter</name>
        <pose>Unspecified</pose>
        <truncated>0</truncated>
        <occluded>0</occluded>
        <difficult>0</difficult>
        <bndbox>
            <xmin>313</xmin>
            <ymin>297</ymin>
            <xmax>382</xmax>
            <ymax>354</ymax>
        </bndbox>
    </object>
</annotation>