<annotation>
    <folder>images</folder>
    <filename>videoplayback5358.jpg</filename>
    <size>
        <width>1000</width>
        <height>563</height>
        <depth>3</depth>
    </size>
    <segmented>0</segmented>
    <object>
        <name>TIE Fighter</name>
        <pose>Unspecified</pose>
        <truncated>0</truncated>
        <occluded>0</occluded>
        <difficult>0</difficult>
        <bndbox>
            <xmin>453</xmin>
            <ymin>116</ymin>
            <xmax>648</xmax>
            <ymax>317</ymax>
        </bndbox>
    </object>
    <object>
        <name>Millennium Falcon</name>
        <pose>Unspecified</pose>
        <truncated>0</truncated>
        <occluded>0</occluded>
        <difficult>0</difficult>
        <bndbox>
            <xmin>736</xmin>
            <ymin>142</ymin>
            <xmax>829</xmax>
            <ymax>181</ymax>
        </bndbox>
    </object>
</annotation>