<annotation>
    <folder>images</folder>
    <filename>videoplayback2813.jpg</filename>
    <size>
        <width>1000</width>
        <height>563</height>
        <depth>3</depth>
    </size>
    <segmented>0</segmented>
    <object>
        <name>TIE Fighter</name>
        <pose>Unspecified</pose>
        <truncated>0</truncated>
        <occluded>0</occluded>
        <difficult>0</difficult>
        <bndbox>
            <xmin>686</xmin>
            <ymin>244</ymin>
            <xmax>756</xmax>
            <ymax>316</ymax>
        </bndbox>
    </object>
    <object>
        <name>TIE Fighter</name>
        <pose>Unspecified</pose>
        <truncated>0</truncated>
        <occluded>0</occluded>
        <difficult>0</difficult>
        <bndbox>
            <xmin>460</xmin>
            <ymin>259</ymin>
            <xmax>536</xmax>
            <ymax>324</ymax>
        </bndbox>
    </object>
</annotation>