<annotation>
    <folder>images</folder>
    <filename>videoplayback2894.jpg</filename>
    <size>
        <width>1000</width>
        <height>563</height>
        <depth>3</depth>
    </size>
    <segmented>0</segmented>
    <object>
        <name>TIE Fighter</name>
        <pose>Unspecified</pose>
        <truncated>0</truncated>
        <occluded>0</occluded>
        <difficult>0</difficult>
        <bndbox>
            <xmin>630</xmin>
            <ymin>225</ymin>
            <xmax>694</xmax>
            <ymax>291</ymax>
        </bndbox>
    </object>
    <object>
        <name>TIE Fighter</name>
        <pose>Unspecified</pose>
        <truncated>0</truncated>
        <occluded>0</occluded>
        <difficult>0</difficult>
        <bndbox>
            <xmin>397</xmin>
            <ymin>237</ymin>
            <xmax>493</xmax>
            <ymax>334</ymax>
        </bndbox>
    </object>
</annotation>