<annotation>
    <folder>images</folder>
    <filename>videoplayback5526.jpg</filename>
    <size>
        <width>1000</width>
        <height>563</height>
        <depth>3</depth>
    </size>
    <segmented>0</segmented>
    <object>
        <name>Millennium Falcon</name>
        <pose>Unspecified</pose>
        <truncated>0</truncated>
        <occluded>0</occluded>
        <difficult>0</difficult>
        <bndbox>
            <xmin>809</xmin>
            <ymin>149</ymin>
            <xmax>933</xmax>
            <ymax>280</ymax>
        </bndbox>
    </object>
    <object>
        <name>TIE Fighter</name>
        <pose>Unspecified</pose>
        <truncated>0</truncated>
        <occluded>0</occluded>
        <difficult>0</difficult>
        <bndbox>
            <xmin>263</xmin>
            <ymin>256</ymin>
            <xmax>372</xmax>
            <ymax>357</ymax>
        </bndbox>
    </object>
</annotation>