<annotation>
    <folder>images</folder>
    <filename>videoplayback0147.jpg</filename>
    <size>
        <width>1000</width>
        <height>563</height>
        <depth>3</depth>
    </size>
    <segmented>0</segmented>
    <object>
        <name>TIE Fighter</name>
        <pose>Unspecified</pose>
        <truncated>0</truncated>
        <occluded>0</occluded>
        <difficult>0</difficult>
        <bndbox>
            <xmin>952</xmin>
            <ymin>264</ymin>
            <xmax>1000</xmax>
            <ymax>359</ymax>
        </bndbox>
    </object>
    <object>
        <name>TIE Fighter</name>
        <pose>Unspecified</pose>
        <truncated>0</truncated>
        <occluded>0</occluded>
        <difficult>0</difficult>
        <bndbox>
            <xmin>936</xmin>
            <ymin>198</ymin>
            <xmax>998</xmax>
            <ymax>311</ymax>
        </bndbox>
    </object>
    <object>
        <name>TIE Fighter</name>
        <pose>Unspecified</pose>
        <truncated>0</truncated>
        <occluded>0</occluded>
        <difficult>0</difficult>
        <bndbox>
            <xmin>140</xmin>
            <ymin>329</ymin>
            <xmax>199</xmax>
            <ymax>384</ymax>
        </bndbox>
    </object>
</annotation>