<annotation>
    <folder>images</folder>
    <filename>videoplayback2819.jpg</filename>
    <size>
        <width>1000</width>
        <height>563</height>
        <depth>3</depth>
    </size>
    <segmented>0</segmented>
    <object>
        <name>TIE Fighter</name>
        <pose>Unspecified</pose>
        <truncated>0</truncated>
        <occluded>0</occluded>
        <difficult>0</difficult>
        <bndbox>
            <xmin>690</xmin>
            <ymin>256</ymin>
            <xmax>777</xmax>
            <ymax>349</ymax>
        </bndbox>
    </object>
    <object>
        <name>TIE Fighter</name>
        <pose>Unspecified</pose>
        <truncated>0</truncated>
        <occluded>0</occluded>
        <difficult>0</difficult>
        <bndbox>
            <xmin>474</xmin>
            <ymin>232</ymin>
            <xmax>555</xmax>
            <ymax>324</ymax>
        </bndbox>
    </object>
</annotation>