<annotation>
    <folder>images</folder>
    <filename>videoplayback6179.jpg</filename>
    <size>
        <width>1000</width>
        <height>563</height>
        <depth>3</depth>
    </size>
    <segmented>0</segmented>
    <object>
        <name>Millennium Falcon</name>
        <pose>Unspecified</pose>
        <truncated>0</truncated>
        <occluded>0</occluded>
        <difficult>0</difficult>
        <bndbox>
            <xmin>451</xmin>
            <ymin>105</ymin>
            <xmax>711</xmax>
            <ymax>483</ymax>
        </bndbox>
    </object>
</annotation>