<annotation>
    <folder>images</folder>
    <filename>videoplayback4425.jpg</filename>
    <size>
        <width>1000</width>
        <height>563</height>
        <depth>3</depth>
    </size>
    <segmented>0</segmented>
    <object>
        <name>TIE Fighter</name>
        <pose>Unspecified</pose>
        <truncated>0</truncated>
        <occluded>0</occluded>
        <difficult>0</difficult>
        <bndbox>
            <xmin>685</xmin>
            <ymin>320</ymin>
            <xmax>861</xmax>
            <ymax>477</ymax>
        </bndbox>
    </object>
    <object>
        <name>Millennium Falcon</name>
        <pose>Unspecified</pose>
        <truncated>0</truncated>
        <occluded>0</occluded>
        <difficult>0</difficult>
        <bndbox>
            <xmin>395</xmin>
            <ymin>268</ymin>
            <xmax>487</xmax>
            <ymax>355</ymax>
        </bndbox>
    </object>
</annotation>