<annotation>
    <folder>images</folder>
    <filename>videoplayback2801.jpg</filename>
    <size>
        <width>1000</width>
        <height>563</height>
        <depth>3</depth>
    </size>
    <segmented>0</segmented>
    <object>
        <name>TIE Fighter</name>
        <pose>Unspecified</pose>
        <truncated>0</truncated>
        <occluded>0</occluded>
        <difficult>0</difficult>
        <bndbox>
            <xmin>334</xmin>
            <ymin>291</ymin>
            <xmax>381</xmax>
            <ymax>349</ymax>
        </bndbox>
    </object>
    <object>
        <name>TIE Fighter</name>
        <pose>Unspecified</pose>
        <truncated>0</truncated>
        <occluded>0</occluded>
        <difficult>0</difficult>
        <bndbox>
            <xmin>613</xmin>
            <ymin>208</ymin>
            <xmax>671</xmax>
            <ymax>270</ymax>
        </bndbox>
    </object>
</annotation>