<annotation>
    <folder>images</folder>
    <filename>videoplayback2888.jpg</filename>
    <size>
        <width>1000</width>
        <height>563</height>
        <depth>3</depth>
    </size>
    <segmented>0</segmented>
    <object>
        <name>TIE Fighter</name>
        <pose>Unspecified</pose>
        <truncated>0</truncated>
        <occluded>0</occluded>
        <difficult>0</difficult>
        <bndbox>
            <xmin>699</xmin>
            <ymin>312</ymin>
            <xmax>751</xmax>
            <ymax>385</ymax>
        </bndbox>
    </object>
    <object>
        <name>TIE Fighter</name>
        <pose>Unspecified</pose>
        <truncated>0</truncated>
        <occluded>0</occluded>
        <difficult>0</difficult>
        <bndbox>
            <xmin>456</xmin>
            <ymin>272</ymin>
            <xmax>557</xmax>
            <ymax>365</ymax>
        </bndbox>
    </object>
</annotation>