<annotation>
    <folder>images</folder>
    <filename>videoplayback6265.jpg</filename>
    <size>
        <width>1000</width>
        <height>563</height>
        <depth>3</depth>
    </size>
    <segmented>0</segmented>
    <object>
        <name>TIE Fighter</name>
        <pose>Unspecified</pose>
        <truncated>0</truncated>
        <occluded>0</occluded>
        <difficult>0</difficult>
        <bndbox>
            <xmin>177</xmin>
            <ymin>84</ymin>
            <xmax>580</xmax>
            <ymax>454</ymax>
        </bndbox>
    </object>
    <object>
        <name>Millennium Falcon</name>
        <pose>Unspecified</pose>
        <truncated>0</truncated>
        <occluded>0</occluded>
        <difficult>0</difficult>
        <bndbox>
            <xmin>600</xmin>
            <ymin>132</ymin>
            <xmax>902</xmax>
            <ymax>490</ymax>
        </bndbox>
    </object>
</annotation>