<annotation>
    <folder>images</folder>
    <filename>videoplayback4509.jpg</filename>
    <size>
        <width>1000</width>
        <height>563</height>
        <depth>3</depth>
    </size>
    <segmented>0</segmented>
    <object>
        <name>TIE Fighter</name>
        <pose>Unspecified</pose>
        <truncated>0</truncated>
        <occluded>0</occluded>
        <difficult>0</difficult>
        <bndbox>
            <xmin>758</xmin>
            <ymin>266</ymin>
            <xmax>780</xmax>
            <ymax>290</ymax>
        </bndbox>
    </object>
    <object>
        <name>Millennium Falcon</name>
        <pose>Unspecified</pose>
        <truncated>0</truncated>
        <occluded>0</occluded>
        <difficult>0</difficult>
        <bndbox>
            <xmin>531</xmin>
            <ymin>271</ymin>
            <xmax>589</xmax>
            <ymax>318</ymax>
        </bndbox>
    </object>
</annotation>