<annotation>
    <folder>images</folder>
    <filename>videoplayback3397.jpg</filename>
    <size>
        <width>1000</width>
        <height>563</height>
        <depth>3</depth>
    </size>
    <segmented>0</segmented>
    <object>
        <name>TIE Fighter</name>
        <pose>Unspecified</pose>
        <truncated>0</truncated>
        <occluded>0</occluded>
        <difficult>0</difficult>
        <bndbox>
            <xmin>373</xmin>
            <ymin>80</ymin>
            <xmax>466</xmax>
            <ymax>176</ymax>
        </bndbox>
    </object>
    <object>
        <name>TIE Fighter</name>
        <pose>Unspecified</pose>
        <truncated>0</truncated>
        <occluded>0</occluded>
        <difficult>0</difficult>
        <bndbox>
            <xmin>668</xmin>
            <ymin>124</ymin>
            <xmax>859</xmax>
            <ymax>325</ymax>
        </bndbox>
    </object>
</annotation>