<annotation>
    <folder>images</folder>
    <filename>videoplayback4037.jpg</filename>
    <size>
        <width>1000</width>
        <height>563</height>
        <depth>3</depth>
    </size>
    <segmented>0</segmented>
    <object>
        <name>TIE Fighter</name>
        <pose>Unspecified</pose>
        <truncated>0</truncated>
        <occluded>0</occluded>
        <difficult>0</difficult>
        <bndbox>
            <xmin>892</xmin>
            <ymin>224</ymin>
            <xmax>1000</xmax>
            <ymax>409</ymax>
        </bndbox>
    </object>
    <object>
        <name>TIE Fighter</name>
        <pose>Unspecified</pose>
        <truncated>0</truncated>
        <occluded>0</occluded>
        <difficult>0</difficult>
        <bndbox>
            <xmin>730</xmin>
            <ymin>192</ymin>
            <xmax>895</xmax>
            <ymax>352</ymax>
        </bndbox>
    </object>
</annotation>