<annotation>
    <folder>images</folder>
    <filename>videoplayback5660.jpg</filename>
    <size>
        <width>1000</width>
        <height>563</height>
        <depth>3</depth>
    </size>
    <segmented>0</segmented>
    <object>
        <name>Millennium Falcon</name>
        <pose>Unspecified</pose>
        <truncated>0</truncated>
        <occluded>0</occluded>
        <difficult>0</difficult>
        <bndbox>
            <xmin>394</xmin>
            <ymin>253</ymin>
            <xmax>574</xmax>
            <ymax>366</ymax>
        </bndbox>
    </object>
</annotation>