<annotation>
    <folder>images</folder>
    <filename>videoplayback4184.jpg</filename>
    <size>
        <width>1000</width>
        <height>563</height>
        <depth>3</depth>
    </size>
    <segmented>0</segmented>
    <object>
        <name>TIE Fighter</name>
        <pose>Unspecified</pose>
        <truncated>0</truncated>
        <occluded>0</occluded>
        <difficult>0</difficult>
        <bndbox>
            <xmin>602</xmin>
            <ymin>195</ymin>
            <xmax>677</xmax>
            <ymax>283</ymax>
        </bndbox>
    </object>
    <object>
        <name>Millennium Falcon</name>
        <pose>Unspecified</pose>
        <truncated>0</truncated>
        <occluded>0</occluded>
        <difficult>0</difficult>
        <bndbox>
            <xmin>476</xmin>
            <ymin>175</ymin>
            <xmax>577</xmax>
            <ymax>285</ymax>
        </bndbox>
    </object>
</annotation>