<annotation>
    <folder>images</folder>
    <filename>videoplayback0051.jpg</filename>
    <size>
        <width>1000</width>
        <height>563</height>
        <depth>3</depth>
    </size>
    <segmented>0</segmented>
    <object>
        <name>TIE Fighter</name>
        <pose>Unspecified</pose>
        <truncated>0</truncated>
        <occluded>0</occluded>
        <difficult>0</difficult>
        <bndbox>
            <xmin>150</xmin>
            <ymin>155</ymin>
            <xmax>177</xmax>
            <ymax>183</ymax>
        </bndbox>
    </object>
    <object>
        <name>TIE Fighter</name>
        <pose>Unspecified</pose>
        <truncated>0</truncated>
        <occluded>0</occluded>
        <difficult>0</difficult>
        <bndbox>
            <xmin>126</xmin>
            <ymin>139</ymin>
            <xmax>149</xmax>
            <ymax>167</ymax>
        </bndbox>
    </object>
</annotation>