<annotation>
    <folder>images</folder>
    <filename>videoplayback0868.jpg</filename>
    <size>
        <width>1000</width>
        <height>563</height>
        <depth>3</depth>
    </size>
    <segmented>0</segmented>
    <object>
        <name>Millennium Falcon</name>
        <pose>Unspecified</pose>
        <truncated>0</truncated>
        <occluded>0</occluded>
        <difficult>0</difficult>
        <bndbox>
            <xmin>268</xmin>
            <ymin>208</ymin>
            <xmax>716</xmax>
            <ymax>342</ymax>
        </bndbox>
    </object>
</annotation>